{
  "session_file": "/home/yzs/yzs/LLM\u5fc3\u667a/experiments/results/capbound_sessions_gpt-5.5_20260430_061851.json",
  "agent_model": "gpt-5.5",
  "n_sessions": 10,
  "aggregate": {
    "NoMemory": {
      "ECE": 0.035559999999999994,
      "Brier": 0.04542,
      "AUROC": 0.8276,
      "HR": 0.047290000000000006,
      "CBF": 0.5596
    },
    "OraclePDC": {
      "ECE": 0.05982,
      "Brier": 0.07902,
      "AUROC": 0.5528000000000001,
      "HR": 0.05693,
      "CBF": 1.0
    },
    "UF-PDC": {
      "ECE": 0.04864,
      "Brier": 0.05927,
      "AUROC": 0.8183000000000001,
      "HR": 0.04782,
      "CBF": 0.5727
    },
    "Episodic-Oracle": {
      "ECE": 0.03554,
      "Brier": 0.06716,
      "AUROC": 0.48810000000000003,
      "HR": 0.06187,
      "CBF": 1.0
    },
    "Episodic-Feedback": {
      "ECE": 0.03614,
      "Brier": 0.04743000000000001,
      "AUROC": 0.7699,
      "HR": 0.04925,
      "CBF": 0.5727
    },
    "MMC-CapMem": {
      "ECE": 0.429,
      "Brier": 0.2535,
      "AUROC": 0.5074,
      "HR": 0.0,
      "CBF": 0.5727
    },
    "LLMSelfAssess": {
      "ECE": 0.035559999999999994,
      "Brier": 0.04542,
      "AUROC": 0.8276,
      "HR": 0.047290000000000006,
      "CBF": 0.5596
    },
    "ZeroShot-SK": {
      "ECE": 0.035559999999999994,
      "Brier": 0.04542,
      "AUROC": 0.8276,
      "HR": 0.047290000000000006,
      "CBF": 0.5596
    },
    "GT-SelfStats": {
      "ECE": 0.035559999999999994,
      "Brier": 0.04542,
      "AUROC": 0.8276,
      "HR": 0.047290000000000006,
      "CBF": 1.0
    },
    "Platt-Online": {
      "ECE": 0.23223,
      "Brier": 0.09864999999999999,
      "AUROC": 0.7903,
      "HR": 0.031270000000000006,
      "CBF": 0.5763
    },
    "HistBin-Online": {
      "ECE": 0.16670000000000001,
      "Brier": 0.14149,
      "AUROC": 0.7081,
      "HR": 0.062369999999999995,
      "CBF": 0.5763
    },
    "Bayes-Domain": {
      "ECE": 0.43197,
      "Brier": 0.24769000000000002,
      "AUROC": 0.5085,
      "HR": 0.0,
      "CBF": 0.5708
    },
    "EM-Joint": {
      "ECE": 0.43331,
      "Brier": 0.24760999999999997,
      "AUROC": 0.5085,
      "HR": 0.0,
      "CBF": 0.5680000000000001
    }
  }
}