{
  "session_file": "/home/yzs/yzs/LLM\u5fc3\u667a/experiments/results_v3_50x50/capbound_sessions_qwen2.5-7b-instruct_20260429_091615.json",
  "agent_model": "qwen2.5-7b-instruct",
  "n_sessions": 50,
  "aggregate": {
    "NoMemory": {
      "ECE": 0.26721999999999996,
      "Brier": 0.296536,
      "AUROC": 0.6038999999999999,
      "HR": 0.387534,
      "CBF": 0.7442
    },
    "OraclePDC": {
      "ECE": 0.240386,
      "Brier": 0.344726,
      "AUROC": 0.5546800000000001,
      "HR": 0.378874,
      "CBF": 1.0
    },
    "UF-PDC": {
      "ECE": 0.26343200000000006,
      "Brier": 0.308466,
      "AUROC": 0.59352,
      "HR": 0.38428199999999996,
      "CBF": 0.7376999999999999
    },
    "Episodic-Oracle": {
      "ECE": 0.165312,
      "Brier": 0.272594,
      "AUROC": 0.5329400000000001,
      "HR": 0.378544,
      "CBF": 1.0
    },
    "Episodic-Feedback": {
      "ECE": 0.25326,
      "Brier": 0.302104,
      "AUROC": 0.56026,
      "HR": 0.39058599999999993,
      "CBF": 0.7376999999999999
    },
    "MMC-CapMem": {
      "ECE": 0.109482,
      "Brier": 0.262618,
      "AUROC": 0.5094600000000001,
      "HR": 0.349952,
      "CBF": 0.7376999999999999
    },
    "LLMSelfAssess": {
      "ECE": 0.26721999999999996,
      "Brier": 0.296536,
      "AUROC": 0.6038999999999999,
      "HR": 0.387534,
      "CBF": 0.7442
    },
    "ZeroShot-SK": {
      "ECE": 0.26721999999999996,
      "Brier": 0.296536,
      "AUROC": 0.6038999999999999,
      "HR": 0.387534,
      "CBF": 0.7442
    },
    "GT-SelfStats": {
      "ECE": 0.26721999999999996,
      "Brier": 0.296536,
      "AUROC": 0.6038999999999999,
      "HR": 0.387534,
      "CBF": 1.0
    },
    "Platt-Online": {
      "ECE": 0.12031799999999998,
      "Brier": 0.249378,
      "AUROC": 0.55604,
      "HR": 0.41157199999999994,
      "CBF": 0.74536
    },
    "HistBin-Online": {
      "ECE": 0.31317000000000006,
      "Brier": 0.34171999999999997,
      "AUROC": 0.52154,
      "HR": 0.377554,
      "CBF": 0.74536
    },
    "Bayes-Domain": {
      "ECE": 0.114238,
      "Brier": 0.25030199999999997,
      "AUROC": 0.50442,
      "HR": 0.22399999999999998,
      "CBF": 0.7547399999999999
    },
    "EM-Joint": {
      "ECE": 0.10498199999999999,
      "Brier": 0.24894399999999997,
      "AUROC": 0.50542,
      "HR": 0.0,
      "CBF": 0.75678
    }
  }
}