{
  "session_file": "/home/yzs/yzs/LLM\u5fc3\u667a/experiments/results/capbound_sessions_claude-sonnet-4-6_20260502_201014.json",
  "agent_model": "claude-sonnet-4-6",
  "n_sessions": 50,
  "aggregate": {
    "NoMemory": {
      "ECE": 0.34260399999999996,
      "Brier": 0.182168,
      "AUROC": 0.71492,
      "HR": 0.024543999999999996,
      "CBF": 0.60276
    },
    "OraclePDC": {
      "ECE": 0.16922399999999996,
      "Brier": 0.16612399999999997,
      "AUROC": 0.5618599999999999,
      "HR": 0.09310400000000002,
      "CBF": 1.0
    },
    "UF-PDC": {
      "ECE": 0.317916,
      "Brier": 0.18924000000000002,
      "AUROC": 0.67684,
      "HR": 0.17465600000000003,
      "CBF": 0.63972
    },
    "LLMSelfAssess": {
      "ECE": 0.362092,
      "Brier": 0.28473200000000004,
      "AUROC": 0.5342600000000001,
      "HR": 0.625642,
      "CBF": 0.7195199999999998
    },
    "ZeroShot-SK": {
      "ECE": 0.34260399999999996,
      "Brier": 0.182168,
      "AUROC": 0.71492,
      "HR": 0.024543999999999996,
      "CBF": 0.47182
    },
    "GT-SelfStats": {
      "ECE": 0.34260399999999996,
      "Brier": 0.182168,
      "AUROC": 0.71492,
      "HR": 0.024543999999999996,
      "CBF": 0.9927000000000001
    },
    "Platt-Online": {
      "ECE": 0.447672,
      "Brier": 0.27828200000000003,
      "AUROC": 0.7165600000000001,
      "HR": 0.020804,
      "CBF": 0.6165999999999999
    },
    "HistBin-Online": {
      "ECE": 0.274604,
      "Brier": 0.18869000000000002,
      "AUROC": 0.6920000000000001,
      "HR": 0.129962,
      "CBF": 0.6165999999999999
    },
    "Bayes-Domain": {
      "ECE": 0.36138,
      "Brier": 0.24853999999999996,
      "AUROC": 0.49704,
      "HR": 0.08833400000000001,
      "CBF": 0.6128399999999999
    },
    "EM-Joint": {
      "ECE": 0.358724,
      "Brier": 0.249022,
      "AUROC": 0.49745999999999996,
      "HR": 0.02,
      "CBF": 0.60866
    }
  }
}