{
  "session_file": "/home/yzs/yzs/LLM\u5fc3\u667a/experiments/results/capbound_sessions_gpt-5.4-mini_20260502_201014.json",
  "agent_model": "gpt-5.4-mini",
  "n_sessions": 50,
  "aggregate": {
    "NoMemory": {
      "ECE": 0.20508399999999993,
      "Brier": 0.21776999999999996,
      "AUROC": 0.6704399999999999,
      "HR": 0.25128999999999996,
      "CBF": 0.6872800000000001
    },
    "OraclePDC": {
      "ECE": 0.18785400000000002,
      "Brier": 0.27101,
      "AUROC": 0.5406599999999999,
      "HR": 0.24740600000000001,
      "CBF": 1.0
    },
    "UF-PDC": {
      "ECE": 0.20346399999999998,
      "Brier": 0.23078400000000002,
      "AUROC": 0.63716,
      "HR": 0.24839199999999997,
      "CBF": 0.68692
    },
    "LLMSelfAssess": {
      "ECE": 0.16372799999999998,
      "Brier": 0.210178,
      "AUROC": 0.4952,
      "HR": 0.270434,
      "CBF": 0.7631600000000001
    },
    "ZeroShot-SK": {
      "ECE": 0.20508399999999993,
      "Brier": 0.21776999999999996,
      "AUROC": 0.6704399999999999,
      "HR": 0.25128999999999996,
      "CBF": 0.7685600000000001
    },
    "GT-SelfStats": {
      "ECE": 0.20508399999999993,
      "Brier": 0.21776999999999996,
      "AUROC": 0.6704399999999999,
      "HR": 0.25128999999999996,
      "CBF": 0.9946600000000001
    },
    "Platt-Online": {
      "ECE": 0.07470199999999999,
      "Brier": 0.187638,
      "AUROC": 0.59146,
      "HR": 0.23003,
      "CBF": 0.70128
    },
    "HistBin-Online": {
      "ECE": 0.23668599999999998,
      "Brier": 0.25462799999999997,
      "AUROC": 0.53152,
      "HR": 0.275684,
      "CBF": 0.70128
    },
    "Bayes-Domain": {
      "ECE": 0.25104,
      "Brier": 0.247062,
      "AUROC": 0.50434,
      "HR": 0.18366600000000002,
      "CBF": 0.7060200000000001
    },
    "EM-Joint": {
      "ECE": 0.246358,
      "Brier": 0.24764599999999998,
      "AUROC": 0.5033,
      "HR": 0.02,
      "CBF": 0.7064600000000002
    }
  }
}