{
  "session_file": "/home/yzs/yzs/LLM\u5fc3\u667a/experiments/results/capbound_sessions_claude-opus-4-7_20260502_201014.json",
  "agent_model": "claude-opus-4-7",
  "n_sessions": 50,
  "aggregate": {
    "NoMemory": {
      "ECE": 0.296424,
      "Brier": 0.169614,
      "AUROC": 0.6468199999999998,
      "HR": 0.03281,
      "CBF": 0.55694
    },
    "OraclePDC": {
      "ECE": 0.133754,
      "Brier": 0.11492199999999998,
      "AUROC": 0.51536,
      "HR": 0.059202000000000005,
      "CBF": 1.0
    },
    "UF-PDC": {
      "ECE": 0.28401,
      "Brier": 0.180626,
      "AUROC": 0.6065200000000001,
      "HR": 0.159164,
      "CBF": 0.5925
    },
    "LLMSelfAssess": {
      "ECE": 0.39373199999999997,
      "Brier": 0.25422999999999996,
      "AUROC": 0.53996,
      "HR": 0.5635439999999999,
      "CBF": 0.6413000000000001
    },
    "ZeroShot-SK": {
      "ECE": 0.296424,
      "Brier": 0.169614,
      "AUROC": 0.6468199999999998,
      "HR": 0.03281,
      "CBF": 0.48204
    },
    "GT-SelfStats": {
      "ECE": 0.296424,
      "Brier": 0.169614,
      "AUROC": 0.6468199999999998,
      "HR": 0.03281,
      "CBF": 0.9920600000000002
    },
    "Platt-Online": {
      "ECE": 0.413228,
      "Brier": 0.25480400000000003,
      "AUROC": 0.63064,
      "HR": 0.02985,
      "CBF": 0.57738
    },
    "HistBin-Online": {
      "ECE": 0.25852200000000003,
      "Brier": 0.16818999999999998,
      "AUROC": 0.57734,
      "HR": 0.176556,
      "CBF": 0.57738
    },
    "Bayes-Domain": {
      "ECE": 0.432594,
      "Brier": 0.24535400000000002,
      "AUROC": 0.4946,
      "HR": 0.09,
      "CBF": 0.57096
    },
    "EM-Joint": {
      "ECE": 0.43408599999999997,
      "Brier": 0.24681600000000004,
      "AUROC": 0.49766,
      "HR": 0.0,
      "CBF": 0.5698000000000001
    }
  }
}