{
  "session_file": "/home/yzs/yzs/LLM\u5fc3\u667a/experiments/results/capbound_sessions_gpt-5.5_20260502_201014.json",
  "agent_model": "gpt-5.5",
  "n_sessions": 50,
  "aggregate": {
    "NoMemory": {
      "ECE": 0.040908,
      "Brier": 0.05609800000000001,
      "AUROC": 0.71346,
      "HR": 0.057761999999999994,
      "CBF": 0.5697800000000001
    },
    "OraclePDC": {
      "ECE": 0.062112,
      "Brier": 0.09232800000000001,
      "AUROC": 0.5411600000000001,
      "HR": 0.068634,
      "CBF": 1.0
    },
    "UF-PDC": {
      "ECE": 0.062844,
      "Brier": 0.08004,
      "AUROC": 0.67578,
      "HR": 0.057848,
      "CBF": 0.6013000000000001
    },
    "LLMSelfAssess": {
      "ECE": 0.21523199999999998,
      "Brier": 0.12483200000000001,
      "AUROC": 0.5319600000000001,
      "HR": 0.06914600000000001,
      "CBF": 0.90164
    },
    "ZeroShot-SK": {
      "ECE": 0.040908,
      "Brier": 0.05609800000000001,
      "AUROC": 0.71346,
      "HR": 0.057761999999999994,
      "CBF": 0.8590599999999999
    },
    "GT-SelfStats": {
      "ECE": 0.040908,
      "Brier": 0.05609800000000001,
      "AUROC": 0.71346,
      "HR": 0.057761999999999994,
      "CBF": 0.99186
    },
    "Platt-Online": {
      "ECE": 0.203762,
      "Brier": 0.09869199999999997,
      "AUROC": 0.6401600000000001,
      "HR": 0.054698000000000004,
      "CBF": 0.6123000000000001
    },
    "HistBin-Online": {
      "ECE": 0.118072,
      "Brier": 0.08581199999999999,
      "AUROC": 0.60836,
      "HR": 0.064508,
      "CBF": 0.6123000000000001
    },
    "Bayes-Domain": {
      "ECE": 0.41604599999999997,
      "Brier": 0.240516,
      "AUROC": 0.49168000000000006,
      "HR": 0.087556,
      "CBF": 0.60252
    },
    "EM-Joint": {
      "ECE": 0.41973199999999994,
      "Brier": 0.24338800000000002,
      "AUROC": 0.4938,
      "HR": 0.02,
      "CBF": 0.6047799999999999
    }
  }
}