{
  "session_file": "/home/yzs/yzs/LLM\u5fc3\u667a/experiments/results_v3_50x50/capbound_sessions_glm-5_20260429_091621.json",
  "agent_model": "glm-5",
  "n_sessions": 50,
  "aggregate": {
    "NoMemory": {
      "ECE": 0.182624,
      "Brier": 0.11655000000000001,
      "AUROC": 0.9185399999999998,
      "HR": 0.038646,
      "CBF": 0.69964
    },
    "OraclePDC": {
      "ECE": 0.151432,
      "Brier": 0.243278,
      "AUROC": 0.64668,
      "HR": 0.17995799999999998,
      "CBF": 1.0
    },
    "UF-PDC": {
      "ECE": 0.18808,
      "Brier": 0.14822,
      "AUROC": 0.86086,
      "HR": 0.066908,
      "CBF": 0.6886199999999999
    },
    "Episodic-Oracle": {
      "ECE": 0.12179999999999999,
      "Brier": 0.22501600000000002,
      "AUROC": 0.55048,
      "HR": 0.273108,
      "CBF": 1.0
    },
    "Episodic-Feedback": {
      "ECE": 0.16785600000000003,
      "Brier": 0.16459,
      "AUROC": 0.81194,
      "HR": 0.11145200000000001,
      "CBF": 0.6886199999999999
    },
    "MMC-CapMem": {
      "ECE": 0.202242,
      "Brier": 0.26059,
      "AUROC": 0.5099800000000001,
      "HR": 0.232286,
      "CBF": 0.6886199999999999
    },
    "LLMSelfAssess": {
      "ECE": 0.182624,
      "Brier": 0.11655000000000001,
      "AUROC": 0.9185399999999998,
      "HR": 0.038646,
      "CBF": 0.69964
    },
    "ZeroShot-SK": {
      "ECE": 0.182624,
      "Brier": 0.11655000000000001,
      "AUROC": 0.9185399999999998,
      "HR": 0.038646,
      "CBF": 0.69964
    },
    "GT-SelfStats": {
      "ECE": 0.182624,
      "Brier": 0.11655000000000001,
      "AUROC": 0.9185399999999998,
      "HR": 0.038646,
      "CBF": 1.0
    },
    "Platt-Online": {
      "ECE": 0.354678,
      "Brier": 0.19915,
      "AUROC": 0.91436,
      "HR": 0.040118,
      "CBF": 0.6963999999999999
    },
    "HistBin-Online": {
      "ECE": 0.21818800000000002,
      "Brier": 0.14282,
      "AUROC": 0.85496,
      "HR": 0.058388,
      "CBF": 0.6963999999999999
    },
    "Bayes-Domain": {
      "ECE": 0.20639400000000002,
      "Brier": 0.2474,
      "AUROC": 0.50992,
      "HR": 0.14033199999999998,
      "CBF": 0.71088
    },
    "EM-Joint": {
      "ECE": 0.20445799999999997,
      "Brier": 0.24760200000000002,
      "AUROC": 0.5120600000000001,
      "HR": 0.0,
      "CBF": 0.71416
    }
  }
}