{
  "session_file": "/home/yzs/yzs/LLM\u5fc3\u667a/experiments/results/capbound_sessions_claude-opus-4-6_20260415_053912.json",
  "agent_model": "claude-opus-4-6",
  "n_sessions": 10,
  "aggregate": {
    "NoMemory": {
      "ECE": 0.15814,
      "Brier": 0.09389,
      "AUROC": 0.967,
      "HR": 0.052689999999999994,
      "CBF": 0.6591
    },
    "OraclePDC": {
      "ECE": 0.12111000000000001,
      "Brier": 0.19574,
      "AUROC": 0.6681,
      "HR": 0.14013,
      "CBF": 1.0
    },
    "UF-PDC": {
      "ECE": 0.15324000000000002,
      "Brier": 0.13532,
      "AUROC": 0.8131999999999999,
      "HR": 0.08639000000000001,
      "CBF": 0.6864000000000001
    },
    "Episodic-Oracle": {
      "ECE": 0.08328,
      "Brier": 0.19976,
      "AUROC": 0.6207,
      "HR": 0.21125,
      "CBF": 1.0
    },
    "Episodic-Feedback": {
      "ECE": 0.09408000000000001,
      "Brier": 0.15893000000000002,
      "AUROC": 0.7422,
      "HR": 0.13974000000000003,
      "CBF": 0.6864000000000001
    },
    "MMC-CapMem": {
      "ECE": 0.23569,
      "Brier": 0.27348000000000006,
      "AUROC": 0.4741000000000001,
      "HR": 0.31953,
      "CBF": 0.6864000000000001
    },
    "LLMSelfAssess": {
      "ECE": 0.15814,
      "Brier": 0.09389,
      "AUROC": 0.967,
      "HR": 0.052689999999999994,
      "CBF": 0.6591
    },
    "ZeroShot-SK": {
      "ECE": 0.15814,
      "Brier": 0.09389,
      "AUROC": 0.967,
      "HR": 0.052689999999999994,
      "CBF": 0.6591
    },
    "GT-SelfStats": {
      "ECE": 0.15814,
      "Brier": 0.09389,
      "AUROC": 0.967,
      "HR": 0.052689999999999994,
      "CBF": 1.0
    },
    "Platt-Online": {
      "ECE": 0.28009,
      "Brier": 0.16760000000000003,
      "AUROC": 0.9629999999999999,
      "HR": 0.05269,
      "CBF": 0.6878
    },
    "HistBin-Online": {
      "ECE": 0.15209,
      "Brier": 0.09784,
      "AUROC": 0.9387000000000001,
      "HR": 0.05616,
      "CBF": 0.6878
    },
    "Bayes-Domain": {
      "ECE": 0.25811000000000006,
      "Brier": 0.25161,
      "AUROC": 0.4685,
      "HR": 0.35,
      "CBF": 0.6779
    },
    "EM-Joint": {
      "ECE": 0.24961000000000003,
      "Brier": 0.24860000000000002,
      "AUROC": 0.49850000000000005,
      "HR": 0.0,
      "CBF": 0.6737
    }
  }
}