{
  "session_file": "/home/yzs/yzs/LLM\u5fc3\u667a/experiments/results/capbound_sessions_claude-sonnet-4-6_20260415_053912.json",
  "agent_model": "claude-sonnet-4-6",
  "n_sessions": 10,
  "aggregate": {
    "NoMemory": {
      "ECE": 0.21054000000000003,
      "Brier": 0.11472,
      "AUROC": 0.9384,
      "HR": 0.01358,
      "CBF": 0.7222000000000001
    },
    "OraclePDC": {
      "ECE": 0.16093,
      "Brier": 0.26209000000000005,
      "AUROC": 0.6315999999999999,
      "HR": 0.19260000000000002,
      "CBF": 1.0
    },
    "UF-PDC": {
      "ECE": 0.20676999999999998,
      "Brier": 0.16655999999999999,
      "AUROC": 0.8084,
      "HR": 0.0701,
      "CBF": 0.7178
    },
    "Episodic-Oracle": {
      "ECE": 0.12258,
      "Brier": 0.24994999999999998,
      "AUROC": 0.5793999999999999,
      "HR": 0.27056,
      "CBF": 1.0
    },
    "Episodic-Feedback": {
      "ECE": 0.1718,
      "Brier": 0.17141999999999996,
      "AUROC": 0.8157,
      "HR": 0.07257,
      "CBF": 0.7178
    },
    "MMC-CapMem": {
      "ECE": 0.16587999999999997,
      "Brier": 0.27612000000000003,
      "AUROC": 0.4953,
      "HR": 0.43666,
      "CBF": 0.7178
    },
    "LLMSelfAssess": {
      "ECE": 0.21054000000000003,
      "Brier": 0.11472,
      "AUROC": 0.9384,
      "HR": 0.01358,
      "CBF": 0.7222000000000001
    },
    "ZeroShot-SK": {
      "ECE": 0.21054000000000003,
      "Brier": 0.11472,
      "AUROC": 0.9384,
      "HR": 0.01358,
      "CBF": 0.7222000000000001
    },
    "GT-SelfStats": {
      "ECE": 0.21054000000000003,
      "Brier": 0.11472,
      "AUROC": 0.9384,
      "HR": 0.01358,
      "CBF": 1.0
    },
    "Platt-Online": {
      "ECE": 0.29835,
      "Brier": 0.19404000000000002,
      "AUROC": 0.9404,
      "HR": 0.022600000000000002,
      "CBF": 0.7303
    },
    "HistBin-Online": {
      "ECE": 0.17679999999999998,
      "Brier": 0.12083000000000002,
      "AUROC": 0.8752000000000001,
      "HR": 0.06684999999999999,
      "CBF": 0.7303
    },
    "Bayes-Domain": {
      "ECE": 0.1694,
      "Brier": 0.25271999999999994,
      "AUROC": 0.48789999999999994,
      "HR": 0.1,
      "CBF": 0.7337999999999999
    },
    "EM-Joint": {
      "ECE": 0.15317,
      "Brier": 0.25014000000000003,
      "AUROC": 0.4984,
      "HR": 0.0,
      "CBF": 0.7327
    }
  }
}