{
  "session_file": "/home/yzs/yzs/LLM\u5fc3\u667a/experiments/results_v3_50x50/capbound_sessions_qwen3.5-27b_20260429_091617.json",
  "agent_model": "qwen3.5-27b",
  "n_sessions": 50,
  "aggregate": {
    "NoMemory": {
      "ECE": 0.17393599999999998,
      "Brier": 0.10965399999999999,
      "AUROC": 0.9536,
      "HR": 0.040355999999999996,
      "CBF": 0.73102
    },
    "OraclePDC": {
      "ECE": 0.167408,
      "Brier": 0.26674400000000004,
      "AUROC": 0.64692,
      "HR": 0.2067,
      "CBF": 1.0
    },
    "UF-PDC": {
      "ECE": 0.178588,
      "Brier": 0.142058,
      "AUROC": 0.8888199999999999,
      "HR": 0.06806200000000001,
      "CBF": 0.7119800000000001
    },
    "Episodic-Oracle": {
      "ECE": 0.1359,
      "Brier": 0.24065600000000004,
      "AUROC": 0.56906,
      "HR": 0.272972,
      "CBF": 1.0
    },
    "Episodic-Feedback": {
      "ECE": 0.15869999999999998,
      "Brier": 0.15545399999999998,
      "AUROC": 0.8438800000000001,
      "HR": 0.090756,
      "CBF": 0.7119800000000001
    },
    "MMC-CapMem": {
      "ECE": 0.16459800000000002,
      "Brier": 0.26263400000000003,
      "AUROC": 0.5025,
      "HR": 0.278954,
      "CBF": 0.7119800000000001
    },
    "LLMSelfAssess": {
      "ECE": 0.17393599999999998,
      "Brier": 0.10965399999999999,
      "AUROC": 0.9536,
      "HR": 0.040355999999999996,
      "CBF": 0.73102
    },
    "ZeroShot-SK": {
      "ECE": 0.17393599999999998,
      "Brier": 0.10965399999999999,
      "AUROC": 0.9536,
      "HR": 0.040355999999999996,
      "CBF": 0.73102
    },
    "GT-SelfStats": {
      "ECE": 0.17393599999999998,
      "Brier": 0.10965399999999999,
      "AUROC": 0.9536,
      "HR": 0.040355999999999996,
      "CBF": 1.0
    },
    "Platt-Online": {
      "ECE": 0.33305,
      "Brier": 0.190882,
      "AUROC": 0.9532600000000001,
      "HR": 0.046770000000000006,
      "CBF": 0.72026
    },
    "HistBin-Online": {
      "ECE": 0.213614,
      "Brier": 0.156448,
      "AUROC": 0.8478600000000001,
      "HR": 0.072042,
      "CBF": 0.72026
    },
    "Bayes-Domain": {
      "ECE": 0.17101399999999997,
      "Brier": 0.24871000000000001,
      "AUROC": 0.5002599999999999,
      "HR": 0.135858,
      "CBF": 0.7404199999999999
    },
    "EM-Joint": {
      "ECE": 0.163632,
      "Brier": 0.24799,
      "AUROC": 0.5065,
      "HR": 0.0,
      "CBF": 0.7459600000000001
    }
  }
}