{
  "session_file": "/home/yzs/yzs/LLM\u5fc3\u667a/experiments/results/capbound_sessions_gpt-5_4_20260415_053912.json",
  "agent_model": "gpt-5.4",
  "n_sessions": 10,
  "aggregate": {
    "NoMemory": {
      "ECE": 0.13318000000000002,
      "Brier": 0.14576,
      "AUROC": 0.6771,
      "HR": 0.15472999999999998,
      "CBF": 0.6386999999999999
    },
    "OraclePDC": {
      "ECE": 0.1157,
      "Brier": 0.18551,
      "AUROC": 0.5596,
      "HR": 0.14586,
      "CBF": 1.0
    },
    "UF-PDC": {
      "ECE": 0.14905,
      "Brier": 0.17366,
      "AUROC": 0.6318,
      "HR": 0.15027,
      "CBF": 0.6510999999999999
    },
    "Episodic-Oracle": {
      "ECE": 0.07970000000000001,
      "Brier": 0.15514,
      "AUROC": 0.5096999999999999,
      "HR": 0.16485999999999998,
      "CBF": 1.0
    },
    "Episodic-Feedback": {
      "ECE": 0.15248,
      "Brier": 0.17004000000000002,
      "AUROC": 0.5929999999999999,
      "HR": 0.16355,
      "CBF": 0.6510999999999999
    },
    "MMC-CapMem": {
      "ECE": 0.33827999999999997,
      "Brier": 0.26544,
      "AUROC": 0.5042000000000001,
      "HR": 0.20249,
      "CBF": 0.6510999999999999
    },
    "LLMSelfAssess": {
      "ECE": 0.13318000000000002,
      "Brier": 0.14576,
      "AUROC": 0.6771,
      "HR": 0.15472999999999998,
      "CBF": 0.6386999999999999
    },
    "ZeroShot-SK": {
      "ECE": 0.13318000000000002,
      "Brier": 0.14576,
      "AUROC": 0.6771,
      "HR": 0.15472999999999998,
      "CBF": 0.6386999999999999
    },
    "GT-SelfStats": {
      "ECE": 0.13318000000000002,
      "Brier": 0.14576,
      "AUROC": 0.6771,
      "HR": 0.15472999999999998,
      "CBF": 1.0
    },
    "Platt-Online": {
      "ECE": 0.12330999999999999,
      "Brier": 0.14599,
      "AUROC": 0.5795000000000001,
      "HR": 0.13416,
      "CBF": 0.6582000000000001
    },
    "HistBin-Online": {
      "ECE": 0.23119,
      "Brier": 0.22397,
      "AUROC": 0.5250999999999999,
      "HR": 0.17861999999999997,
      "CBF": 0.6582000000000001
    },
    "Bayes-Domain": {
      "ECE": 0.34086,
      "Brier": 0.24775999999999998,
      "AUROC": 0.5045,
      "HR": 0.18333,
      "CBF": 0.658
    },
    "EM-Joint": {
      "ECE": 0.33581000000000005,
      "Brier": 0.24721,
      "AUROC": 0.5015,
      "HR": 0.0,
      "CBF": 0.6577999999999999
    }
  }
}