{
  "session_file": "/home/yzs/yzs/LLM\u5fc3\u667a/experiments/results_v3_50x50/capbound_sessions_deepseek-v3.2_20260429_091619.json",
  "agent_model": "deepseek-v3.2",
  "n_sessions": 50,
  "aggregate": {
    "NoMemory": {
      "ECE": 0.17492000000000002,
      "Brier": 0.137064,
      "AUROC": 0.9295399999999999,
      "HR": 0.10998399999999998,
      "CBF": 0.6807799999999997
    },
    "OraclePDC": {
      "ECE": 0.15888200000000002,
      "Brier": 0.22532799999999997,
      "AUROC": 0.71316,
      "HR": 0.17660399999999998,
      "CBF": 1.0
    },
    "UF-PDC": {
      "ECE": 0.173712,
      "Brier": 0.15625599999999998,
      "AUROC": 0.8710600000000001,
      "HR": 0.12472,
      "CBF": 0.68132
    },
    "Episodic-Oracle": {
      "ECE": 0.11225999999999998,
      "Brier": 0.225362,
      "AUROC": 0.6457999999999999,
      "HR": 0.24340399999999998,
      "CBF": 1.0
    },
    "Episodic-Feedback": {
      "ECE": 0.15754,
      "Brier": 0.18728999999999998,
      "AUROC": 0.7867000000000001,
      "HR": 0.17845399999999997,
      "CBF": 0.68132
    },
    "MMC-CapMem": {
      "ECE": 0.14044800000000002,
      "Brier": 0.254506,
      "AUROC": 0.52622,
      "HR": 0.27381799999999995,
      "CBF": 0.68132
    },
    "LLMSelfAssess": {
      "ECE": 0.17492000000000002,
      "Brier": 0.137064,
      "AUROC": 0.9295399999999999,
      "HR": 0.10998399999999998,
      "CBF": 0.6807799999999997
    },
    "ZeroShot-SK": {
      "ECE": 0.17492000000000002,
      "Brier": 0.137064,
      "AUROC": 0.9295399999999999,
      "HR": 0.10998399999999998,
      "CBF": 0.6807799999999997
    },
    "GT-SelfStats": {
      "ECE": 0.17492000000000002,
      "Brier": 0.137064,
      "AUROC": 0.9295399999999999,
      "HR": 0.10998399999999998,
      "CBF": 1.0
    },
    "Platt-Online": {
      "ECE": 0.268876,
      "Brier": 0.20050400000000004,
      "AUROC": 0.90944,
      "HR": 0.09831200000000002,
      "CBF": 0.6827999999999999
    },
    "HistBin-Online": {
      "ECE": 0.201462,
      "Brier": 0.16799000000000003,
      "AUROC": 0.8360799999999999,
      "HR": 0.12929,
      "CBF": 0.6827999999999999
    },
    "Bayes-Domain": {
      "ECE": 0.15632199999999996,
      "Brier": 0.24545999999999998,
      "AUROC": 0.5226000000000001,
      "HR": 0.138328,
      "CBF": 0.6961000000000002
    },
    "EM-Joint": {
      "ECE": 0.149746,
      "Brier": 0.24715800000000002,
      "AUROC": 0.5207,
      "HR": 0.0,
      "CBF": 0.69932
    }
  }
}