{
  "session_file": "/home/yzs/yzs/LLM\u5fc3\u667a/experiments/results/capbound_sessions_gpt-5_4-mini_20260415_053912.json",
  "agent_model": "gpt-5.4-mini",
  "n_sessions": 10,
  "aggregate": {
    "NoMemory": {
      "ECE": 0.21092000000000005,
      "Brier": 0.21944,
      "AUROC": 0.6688000000000001,
      "HR": 0.24755000000000002,
      "CBF": 0.6702
    },
    "OraclePDC": {
      "ECE": 0.15552,
      "Brier": 0.24297,
      "AUROC": 0.5423,
      "HR": 0.22762000000000002,
      "CBF": 1.0
    },
    "UF-PDC": {
      "ECE": 0.21434000000000003,
      "Brier": 0.23423,
      "AUROC": 0.6178,
      "HR": 0.24391000000000002,
      "CBF": 0.6777
    },
    "Episodic-Oracle": {
      "ECE": 0.09594,
      "Brier": 0.20969000000000002,
      "AUROC": 0.5461,
      "HR": 0.22405,
      "CBF": 1.0
    },
    "Episodic-Feedback": {
      "ECE": 0.19376,
      "Brier": 0.21983000000000003,
      "AUROC": 0.6259,
      "HR": 0.24613000000000002,
      "CBF": 0.6777
    },
    "MMC-CapMem": {
      "ECE": 0.25181,
      "Brier": 0.26273,
      "AUROC": 0.4944,
      "HR": 0.34500000000000003,
      "CBF": 0.6777
    },
    "LLMSelfAssess": {
      "ECE": 0.21092000000000005,
      "Brier": 0.21944,
      "AUROC": 0.6688000000000001,
      "HR": 0.24755000000000002,
      "CBF": 0.6702
    },
    "ZeroShot-SK": {
      "ECE": 0.21092000000000005,
      "Brier": 0.21944,
      "AUROC": 0.6688000000000001,
      "HR": 0.24755000000000002,
      "CBF": 0.6702
    },
    "GT-SelfStats": {
      "ECE": 0.21092000000000005,
      "Brier": 0.21944,
      "AUROC": 0.6688000000000001,
      "HR": 0.24755000000000002,
      "CBF": 1.0
    },
    "Platt-Online": {
      "ECE": 0.06726000000000001,
      "Brier": 0.18726,
      "AUROC": 0.5535,
      "HR": 0.23527000000000003,
      "CBF": 0.6884
    },
    "HistBin-Online": {
      "ECE": 0.21915999999999997,
      "Brier": 0.24922999999999998,
      "AUROC": 0.5052000000000001,
      "HR": 0.24461,
      "CBF": 0.6884
    },
    "Bayes-Domain": {
      "ECE": 0.26007,
      "Brier": 0.24862,
      "AUROC": 0.5046,
      "HR": 0.1,
      "CBF": 0.6918
    },
    "EM-Joint": {
      "ECE": 0.25244000000000005,
      "Brier": 0.24864000000000003,
      "AUROC": 0.49829999999999997,
      "HR": 0.0,
      "CBF": 0.6890000000000001
    }
  }
}