{
  "session_file": "/home/yzs/yzs/LLM\u5fc3\u667a/experiments/results_v3_50x50/capbound_sessions_qwen-plus_20260429_091613.json",
  "agent_model": "qwen-plus",
  "n_sessions": 50,
  "aggregate": {
    "NoMemory": {
      "ECE": 0.155076,
      "Brier": 0.16997800000000002,
      "AUROC": 0.7981999999999999,
      "HR": 0.178814,
      "CBF": 0.6833400000000001
    },
    "OraclePDC": {
      "ECE": 0.13467600000000002,
      "Brier": 0.232396,
      "AUROC": 0.6319600000000001,
      "HR": 0.197526,
      "CBF": 1.0
    },
    "UF-PDC": {
      "ECE": 0.163336,
      "Brier": 0.19194,
      "AUROC": 0.75528,
      "HR": 0.17992800000000003,
      "CBF": 0.68588
    },
    "Episodic-Oracle": {
      "ECE": 0.10956000000000002,
      "Brier": 0.21567999999999998,
      "AUROC": 0.5401600000000001,
      "HR": 0.23706599999999997,
      "CBF": 1.0
    },
    "Episodic-Feedback": {
      "ECE": 0.158932,
      "Brier": 0.20066599999999998,
      "AUROC": 0.6988000000000001,
      "HR": 0.19752600000000003,
      "CBF": 0.68588
    },
    "MMC-CapMem": {
      "ECE": 0.23713,
      "Brier": 0.257956,
      "AUROC": 0.5244000000000001,
      "HR": 0.208526,
      "CBF": 0.68588
    },
    "LLMSelfAssess": {
      "ECE": 0.155076,
      "Brier": 0.16997800000000002,
      "AUROC": 0.7981999999999999,
      "HR": 0.178814,
      "CBF": 0.6833400000000001
    },
    "ZeroShot-SK": {
      "ECE": 0.155076,
      "Brier": 0.16997800000000002,
      "AUROC": 0.7981999999999999,
      "HR": 0.178814,
      "CBF": 0.6833400000000001
    },
    "GT-SelfStats": {
      "ECE": 0.155076,
      "Brier": 0.16997800000000002,
      "AUROC": 0.7981999999999999,
      "HR": 0.178814,
      "CBF": 1.0
    },
    "Platt-Online": {
      "ECE": 0.14996600000000002,
      "Brier": 0.17980999999999997,
      "AUROC": 0.7348999999999998,
      "HR": 0.17972800000000003,
      "CBF": 0.69528
    },
    "HistBin-Online": {
      "ECE": 0.23226400000000003,
      "Brier": 0.21919800000000003,
      "AUROC": 0.6711,
      "HR": 0.23125199999999999,
      "CBF": 0.69528
    },
    "Bayes-Domain": {
      "ECE": 0.23867000000000002,
      "Brier": 0.24703399999999998,
      "AUROC": 0.5128,
      "HR": 0.099998,
      "CBF": 0.6995600000000001
    },
    "EM-Joint": {
      "ECE": 0.233902,
      "Brier": 0.24745799999999998,
      "AUROC": 0.5101800000000001,
      "HR": 0.0,
      "CBF": 0.7006200000000001
    }
  }
}