{
  "session_file": "/home/yzs/yzs/LLM\u5fc3\u667a/experiments/results/capbound_sessions_claude-opus-4-6_20260502_201014.json",
  "agent_model": "claude-opus-4-6",
  "n_sessions": 50,
  "aggregate": {
    "NoMemory": {
      "ECE": 0.32988799999999996,
      "Brier": 0.17577600000000002,
      "AUROC": 0.74134,
      "HR": 0.025174000000000002,
      "CBF": 0.59426
    },
    "OraclePDC": {
      "ECE": 0.15795199999999998,
      "Brier": 0.156992,
      "AUROC": 0.57726,
      "HR": 0.095928,
      "CBF": 1.0
    },
    "UF-PDC": {
      "ECE": 0.30351,
      "Brier": 0.196276,
      "AUROC": 0.68206,
      "HR": 0.33811,
      "CBF": 0.61838
    },
    "LLMSelfAssess": {
      "ECE": 0.365448,
      "Brier": 0.2807,
      "AUROC": 0.52788,
      "HR": 0.64154,
      "CBF": 0.6795199999999998
    },
    "ZeroShot-SK": {
      "ECE": 0.32988799999999996,
      "Brier": 0.17577600000000002,
      "AUROC": 0.74134,
      "HR": 0.025174000000000002,
      "CBF": 0.4596
    },
    "GT-SelfStats": {
      "ECE": 0.32988799999999996,
      "Brier": 0.17577600000000002,
      "AUROC": 0.74134,
      "HR": 0.025174000000000002,
      "CBF": 0.9927400000000002
    },
    "Platt-Online": {
      "ECE": 0.45098600000000005,
      "Brier": 0.27760599999999996,
      "AUROC": 0.73524,
      "HR": 0.021230000000000002,
      "CBF": 0.5971600000000001
    },
    "HistBin-Online": {
      "ECE": 0.3555819999999999,
      "Brier": 0.264122,
      "AUROC": 0.6616999999999998,
      "HR": 0.362862,
      "CBF": 0.5971600000000001
    },
    "Bayes-Domain": {
      "ECE": 0.37554200000000004,
      "Brier": 0.249698,
      "AUROC": 0.50256,
      "HR": 0.11166599999999999,
      "CBF": 0.6030000000000001
    },
    "EM-Joint": {
      "ECE": 0.37084999999999996,
      "Brier": 0.248582,
      "AUROC": 0.50846,
      "HR": 0.0,
      "CBF": 0.60376
    }
  }
}