{
  "session_file": "/home/yzs/yzs/LLM\u5fc3\u667a/experiments/results/capbound_sessions_claude-opus-4-7_20260430_073515.json",
  "agent_model": "claude-opus-4-7",
  "n_sessions": 10,
  "aggregate": {
    "NoMemory": {
      "ECE": 0.16998,
      "Brier": 0.10669999999999999,
      "AUROC": 0.9661,
      "HR": 0.047189999999999996,
      "CBF": 0.6663
    },
    "OraclePDC": {
      "ECE": 0.11724000000000001,
      "Brier": 0.20029,
      "AUROC": 0.7089000000000001,
      "HR": 0.15569,
      "CBF": 1.0
    },
    "UF-PDC": {
      "ECE": 0.16927000000000003,
      "Brier": 0.13249999999999998,
      "AUROC": 0.8940000000000001,
      "HR": 0.0641,
      "CBF": 0.6856
    },
    "Episodic-Oracle": {
      "ECE": 0.07225999999999999,
      "Brier": 0.20031,
      "AUROC": 0.6789,
      "HR": 0.2133,
      "CBF": 1.0
    },
    "Episodic-Feedback": {
      "ECE": 0.13196,
      "Brier": 0.15406000000000003,
      "AUROC": 0.8470000000000001,
      "HR": 0.12828,
      "CBF": 0.6856
    },
    "MMC-CapMem": {
      "ECE": 0.18333,
      "Brier": 0.25888999999999995,
      "AUROC": 0.5145,
      "HR": 0.22999999999999998,
      "CBF": 0.6856
    },
    "LLMSelfAssess": {
      "ECE": 0.16998,
      "Brier": 0.10669999999999999,
      "AUROC": 0.9661,
      "HR": 0.047189999999999996,
      "CBF": 0.6663
    },
    "ZeroShot-SK": {
      "ECE": 0.16998,
      "Brier": 0.10669999999999999,
      "AUROC": 0.9661,
      "HR": 0.047189999999999996,
      "CBF": 0.6663
    },
    "GT-SelfStats": {
      "ECE": 0.16998,
      "Brier": 0.10669999999999999,
      "AUROC": 0.9661,
      "HR": 0.047189999999999996,
      "CBF": 1.0
    },
    "Platt-Online": {
      "ECE": 0.28391,
      "Brier": 0.18336999999999998,
      "AUROC": 0.9619,
      "HR": 0.060649999999999996,
      "CBF": 0.6857000000000001
    },
    "HistBin-Online": {
      "ECE": 0.15812999999999997,
      "Brier": 0.11372,
      "AUROC": 0.8854,
      "HR": 0.06473999999999999,
      "CBF": 0.6857000000000001
    },
    "Bayes-Domain": {
      "ECE": 0.19455,
      "Brier": 0.24716999999999997,
      "AUROC": 0.5085000000000001,
      "HR": 0.28332999999999997,
      "CBF": 0.6827000000000001
    },
    "EM-Joint": {
      "ECE": 0.19016,
      "Brier": 0.24743999999999997,
      "AUROC": 0.5035000000000001,
      "HR": 0.0,
      "CBF": 0.6834
    }
  }
}