{
  "session_file": "/home/yzs/yzs/LLM\u5fc3\u667a/experiments/results_v3_50x50/capbound_sessions_qwen-turbo_20260429_091609.json",
  "agent_model": "qwen-turbo",
  "n_sessions": 50,
  "aggregate": {
    "NoMemory": {
      "ECE": 0.16618,
      "Brier": 0.215894,
      "AUROC": 0.6825600000000001,
      "HR": 0.236076,
      "CBF": 0.70768
    },
    "OraclePDC": {
      "ECE": 0.174952,
      "Brier": 0.287966,
      "AUROC": 0.5521199999999999,
      "HR": 0.260214,
      "CBF": 1.0
    },
    "UF-PDC": {
      "ECE": 0.18717799999999993,
      "Brier": 0.244496,
      "AUROC": 0.6517399999999999,
      "HR": 0.23736000000000002,
      "CBF": 0.69692
    },
    "Episodic-Oracle": {
      "ECE": 0.12316,
      "Brier": 0.237332,
      "AUROC": 0.5241600000000001,
      "HR": 0.275942,
      "CBF": 1.0
    },
    "Episodic-Feedback": {
      "ECE": 0.16511999999999996,
      "Brier": 0.23378,
      "AUROC": 0.6083,
      "HR": 0.25741400000000003,
      "CBF": 0.69692
    },
    "MMC-CapMem": {
      "ECE": 0.21948400000000004,
      "Brier": 0.266536,
      "AUROC": 0.51612,
      "HR": 0.236096,
      "CBF": 0.69692
    },
    "LLMSelfAssess": {
      "ECE": 0.16618,
      "Brier": 0.215894,
      "AUROC": 0.6825600000000001,
      "HR": 0.236076,
      "CBF": 0.70768
    },
    "ZeroShot-SK": {
      "ECE": 0.16618,
      "Brier": 0.215894,
      "AUROC": 0.6825600000000001,
      "HR": 0.236076,
      "CBF": 0.70768
    },
    "GT-SelfStats": {
      "ECE": 0.16618,
      "Brier": 0.215894,
      "AUROC": 0.6825600000000001,
      "HR": 0.236076,
      "CBF": 1.0
    },
    "Platt-Online": {
      "ECE": 0.09989200000000001,
      "Brier": 0.19702599999999998,
      "AUROC": 0.6219,
      "HR": 0.23418599999999998,
      "CBF": 0.71194
    },
    "HistBin-Online": {
      "ECE": 0.23259799999999997,
      "Brier": 0.254758,
      "AUROC": 0.56572,
      "HR": 0.273034,
      "CBF": 0.71194
    },
    "Bayes-Domain": {
      "ECE": 0.21960999999999997,
      "Brier": 0.24777000000000002,
      "AUROC": 0.51398,
      "HR": 0.14566600000000002,
      "CBF": 0.7238
    },
    "EM-Joint": {
      "ECE": 0.21363,
      "Brier": 0.24728600000000003,
      "AUROC": 0.5131600000000001,
      "HR": 0.0,
      "CBF": 0.72812
    }
  }
}