{
  "session_file": "/home/yzs/yzs/LLM\u5fc3\u667a/experiments/results/capbound_sessions_gpt-5.4_20260502_201014.json",
  "agent_model": "gpt-5.4",
  "n_sessions": 50,
  "aggregate": {
    "NoMemory": {
      "ECE": 0.13567600000000002,
      "Brier": 0.150324,
      "AUROC": 0.66204,
      "HR": 0.16442400000000001,
      "CBF": 0.6488399999999999
    },
    "OraclePDC": {
      "ECE": 0.129326,
      "Brier": 0.19566199999999997,
      "AUROC": 0.5635600000000001,
      "HR": 0.15898,
      "CBF": 1.0
    },
    "UF-PDC": {
      "ECE": 0.146476,
      "Brier": 0.17131799999999997,
      "AUROC": 0.63544,
      "HR": 0.162932,
      "CBF": 0.6680200000000002
    },
    "LLMSelfAssess": {
      "ECE": 0.17118399999999998,
      "Brier": 0.17324199999999998,
      "AUROC": 0.5311,
      "HR": 0.159438,
      "CBF": 0.7811
    },
    "ZeroShot-SK": {
      "ECE": 0.13567600000000002,
      "Brier": 0.150324,
      "AUROC": 0.66204,
      "HR": 0.16442400000000001,
      "CBF": 0.7948
    },
    "GT-SelfStats": {
      "ECE": 0.13567600000000002,
      "Brier": 0.150324,
      "AUROC": 0.66204,
      "HR": 0.16442400000000001,
      "CBF": 0.99362
    },
    "Platt-Online": {
      "ECE": 0.11141200000000002,
      "Brier": 0.147816,
      "AUROC": 0.60576,
      "HR": 0.155134,
      "CBF": 0.6746000000000001
    },
    "HistBin-Online": {
      "ECE": 0.174402,
      "Brier": 0.18033200000000002,
      "AUROC": 0.54866,
      "HR": 0.17204,
      "CBF": 0.6746000000000001
    },
    "Bayes-Domain": {
      "ECE": 0.323558,
      "Brier": 0.24377599999999996,
      "AUROC": 0.49955999999999995,
      "HR": 0.100334,
      "CBF": 0.6742000000000001
    },
    "EM-Joint": {
      "ECE": 0.323022,
      "Brier": 0.245286,
      "AUROC": 0.49418,
      "HR": 0.02,
      "CBF": 0.67702
    }
  }
}