{
  "session_file": "/home/yzs/yzs/LLM\u5fc3\u667a/experiments/results_v3_50x50/capbound_sessions_qwen-max_20260429_091611.json",
  "agent_model": "qwen-max",
  "n_sessions": 50,
  "aggregate": {
    "NoMemory": {
      "ECE": 0.15279199999999998,
      "Brier": 0.193394,
      "AUROC": 0.70452,
      "HR": 0.211226,
      "CBF": 0.70376
    },
    "OraclePDC": {
      "ECE": 0.16495600000000002,
      "Brier": 0.277498,
      "AUROC": 0.53448,
      "HR": 0.24032,
      "CBF": 1.0
    },
    "UF-PDC": {
      "ECE": 0.19381800000000005,
      "Brier": 0.23655400000000001,
      "AUROC": 0.6689400000000001,
      "HR": 0.21645399999999998,
      "CBF": 0.6603
    },
    "Episodic-Oracle": {
      "ECE": 0.11740000000000002,
      "Brier": 0.219742,
      "AUROC": 0.5113,
      "HR": 0.249536,
      "CBF": 1.0
    },
    "Episodic-Feedback": {
      "ECE": 0.21101600000000004,
      "Brier": 0.244738,
      "AUROC": 0.6397999999999999,
      "HR": 0.21926199999999998,
      "CBF": 0.6603
    },
    "MMC-CapMem": {
      "ECE": 0.26414000000000004,
      "Brier": 0.27121599999999996,
      "AUROC": 0.4991,
      "HR": 0.13500199999999998,
      "CBF": 0.6603
    },
    "LLMSelfAssess": {
      "ECE": 0.15279199999999998,
      "Brier": 0.193394,
      "AUROC": 0.70452,
      "HR": 0.211226,
      "CBF": 0.70376
    },
    "ZeroShot-SK": {
      "ECE": 0.15279199999999998,
      "Brier": 0.193394,
      "AUROC": 0.70452,
      "HR": 0.211226,
      "CBF": 0.70376
    },
    "GT-SelfStats": {
      "ECE": 0.15279199999999998,
      "Brier": 0.193394,
      "AUROC": 0.70452,
      "HR": 0.211226,
      "CBF": 1.0
    },
    "Platt-Online": {
      "ECE": 0.11343,
      "Brier": 0.185014,
      "AUROC": 0.6345,
      "HR": 0.22459000000000004,
      "CBF": 0.68436
    },
    "HistBin-Online": {
      "ECE": 0.366302,
      "Brier": 0.3693020000000001,
      "AUROC": 0.53884,
      "HR": 0.272084,
      "CBF": 0.68436
    },
    "Bayes-Domain": {
      "ECE": 0.25379999999999997,
      "Brier": 0.25390199999999996,
      "AUROC": 0.49560000000000004,
      "HR": 0.0,
      "CBF": 0.70196
    },
    "EM-Joint": {
      "ECE": 0.24883399999999997,
      "Brier": 0.25065800000000005,
      "AUROC": 0.48774000000000006,
      "HR": 0.0,
      "CBF": 0.7047
    }
  }
}