{
  "session_file": "/home/yzs/yzs/LLM\u5fc3\u667a/experiments/results_v3_50x50/capbound_sessions_Mistral-7B_20260429_100049.json",
  "agent_model": "Mistral-7B",
  "n_sessions": 50,
  "aggregate": {
    "NoMemory": {
      "ECE": 0.02564,
      "Brier": 0.618808,
      "AUROC": 0.50678,
      "HR": 0.62268,
      "CBF": 0.7287399999999999
    },
    "OraclePDC": {
      "ECE": 0.138606,
      "Brier": 0.43039,
      "AUROC": 0.5612600000000001,
      "HR": 0.587894,
      "CBF": 1.0
    },
    "UF-PDC": {
      "ECE": 0.04875800000000001,
      "Brier": 0.574454,
      "AUROC": 0.5278,
      "HR": 0.61012,
      "CBF": 0.7196600000000001
    },
    "Episodic-Oracle": {
      "ECE": 0.156576,
      "Brier": 0.293764,
      "AUROC": 0.54302,
      "HR": 0.610854,
      "CBF": 1.0
    },
    "Episodic-Feedback": {
      "ECE": 0.09143199999999999,
      "Brier": 0.49682199999999993,
      "AUROC": 0.51014,
      "HR": 0.6154320000000001,
      "CBF": 0.7196600000000001
    },
    "MMC-CapMem": {
      "ECE": 0.125856,
      "Brier": 0.263952,
      "AUROC": 0.51674,
      "HR": 0.504996,
      "CBF": 0.7196600000000001
    },
    "LLMSelfAssess": {
      "ECE": 0.02564,
      "Brier": 0.618808,
      "AUROC": 0.50678,
      "HR": 0.62268,
      "CBF": 0.7287399999999999
    },
    "ZeroShot-SK": {
      "ECE": 0.02564,
      "Brier": 0.618808,
      "AUROC": 0.50678,
      "HR": 0.62268,
      "CBF": 0.7287399999999999
    },
    "GT-SelfStats": {
      "ECE": 0.02564,
      "Brier": 0.618808,
      "AUROC": 0.50678,
      "HR": 0.62268,
      "CBF": 1.0
    },
    "Platt-Online": {
      "ECE": 0.34245,
      "Brier": 0.3515499999999999,
      "AUROC": 0.48690000000000005,
      "HR": 0.6245860000000001,
      "CBF": 0.7166400000000002
    },
    "HistBin-Online": {
      "ECE": 0.408572,
      "Brier": 0.438044,
      "AUROC": 0.48324,
      "HR": 0.6433959999999999,
      "CBF": 0.7166400000000002
    },
    "Bayes-Domain": {
      "ECE": 0.147094,
      "Brier": 0.253668,
      "AUROC": 0.4967599999999999,
      "HR": 0.160002,
      "CBF": 0.7305400000000002
    },
    "EM-Joint": {
      "ECE": 0.13900400000000002,
      "Brier": 0.25099799999999994,
      "AUROC": 0.5004,
      "HR": 0.0,
      "CBF": 0.7316400000000001
    }
  }
}