{
  "session_file": "/home/yzs/yzs/LLM\u5fc3\u667a/experiments/results_v3_50x50/capbound_sessions_Llama-3-8B_20260429_095857.json",
  "agent_model": "Llama-3-8B",
  "n_sessions": 50,
  "aggregate": {
    "NoMemory": {
      "ECE": 0.1868,
      "Brier": 0.4165420000000001,
      "AUROC": 0.54556,
      "HR": 0.47702,
      "CBF": 0.7201399999999998
    },
    "OraclePDC": {
      "ECE": 0.18575999999999998,
      "Brier": 0.36949,
      "AUROC": 0.56954,
      "HR": 0.439878,
      "CBF": 1.0
    },
    "UF-PDC": {
      "ECE": 0.19598599999999997,
      "Brier": 0.408206,
      "AUROC": 0.55346,
      "HR": 0.4674400000000001,
      "CBF": 0.71466
    },
    "Episodic-Oracle": {
      "ECE": 0.15924,
      "Brier": 0.28395,
      "AUROC": 0.5671199999999998,
      "HR": 0.43608600000000003,
      "CBF": 1.0
    },
    "Episodic-Feedback": {
      "ECE": 0.21202000000000001,
      "Brier": 0.382412,
      "AUROC": 0.51666,
      "HR": 0.48153399999999996,
      "CBF": 0.71466
    },
    "MMC-CapMem": {
      "ECE": 0.08007,
      "Brier": 0.262754,
      "AUROC": 0.52852,
      "HR": 0.338574,
      "CBF": 0.71466
    },
    "LLMSelfAssess": {
      "ECE": 0.1868,
      "Brier": 0.4165420000000001,
      "AUROC": 0.54556,
      "HR": 0.47702,
      "CBF": 0.7201399999999998
    },
    "ZeroShot-SK": {
      "ECE": 0.1868,
      "Brier": 0.4165420000000001,
      "AUROC": 0.54556,
      "HR": 0.47702,
      "CBF": 0.7201399999999998
    },
    "GT-SelfStats": {
      "ECE": 0.1868,
      "Brier": 0.4165420000000001,
      "AUROC": 0.54556,
      "HR": 0.47702,
      "CBF": 1.0
    },
    "Platt-Online": {
      "ECE": 0.185474,
      "Brier": 0.283078,
      "AUROC": 0.51876,
      "HR": 0.47346999999999995,
      "CBF": 0.7242400000000001
    },
    "HistBin-Online": {
      "ECE": 0.36640600000000006,
      "Brier": 0.39657800000000004,
      "AUROC": 0.47386,
      "HR": 0.5129059999999999,
      "CBF": 0.7242400000000001
    },
    "Bayes-Domain": {
      "ECE": 0.06861,
      "Brier": 0.25041800000000003,
      "AUROC": 0.5138199999999999,
      "HR": 0.22700000000000004,
      "CBF": 0.7302599999999999
    },
    "EM-Joint": {
      "ECE": 0.05975,
      "Brier": 0.249568,
      "AUROC": 0.51432,
      "HR": 0.0,
      "CBF": 0.73056
    }
  }
}